<?xml version="1.0" encoding="UTF-8"?>
<beans xmlns="http://www.springframework.org/schema/beans"
	xmlns:xsi="http://www.w3.org/2001/XMLSchema-instance"
	xmlns:tx="http://www.springframework.org/schema/tx"
	xmlns:aop="http://www.springframework.org/schema/aop"
	xsi:schemaLocation="http://www.springframework.org/schema/beans http://www.springframework.org/schema/beans/spring-beans-4.3.xsd
		http://www.springframework.org/schema/aop http://www.springframework.org/schema/aop/spring-aop-4.3.xsd
		http://www.springframework.org/schema/tx http://www.springframework.org/schema/tx/spring-tx.xsd">

	<!-- <bean id="dataSource" class="org.apache.commons.dbcp.BasicDataSource" 
		destroy-method="close"> <property name = "driverClassName" value="com.mysql.jdbc.Driver"/> 
		<property name = "url" value = "jdbc:mysql://localhost:3306/EnvTest?useSSL=false"/> 
		<property name = "username" value="codedraw"/> <property name = "password" 
		value="codedraw"/> </bean> -->


	<bean id="dataSource" class="org.springframework.jdbc.datasource.DriverManagerDataSource" >
		<property name="driverClassName" value="${db.driverClass}" />
		<property name="url" value="${db.localUrl}" />
		<property name="username" value="${db.localUsername}" />
		<property name="password" value="${db.localPassword}" />
	</bean>

	<bean id="transactionManager"
		class="org.springframework.jdbc.datasource.DataSourceTransactionManager">
		<property name="dataSource" ref="dataSource" />
	</bean>

 	<tx:advice id="txAdvice" transaction-manager="transactionManager">
 		<tx:attributes>
 			<tx:method name="*" propagation="REQUIRED"/>
 		</tx:attributes>
 	</tx:advice>
 	
 	<aop:config>
 		<aop:pointcut id="transactionPointcut" expression="execution(* com.tmon.platform.api.service.*.*(..))"/>
 		<aop:advisor advice-ref="txAdvice" pointcut-ref="transactionPointcut"/>
 	</aop:config>

	<!-- <tx:annotation-driven transaction-manager="transactionManager" /> -->

</beans>