<?xml version="1.0" encoding="UTF-8"?>
<beans:beans xmlns="http://www.springframework.org/schema/mvc"
	xmlns:xsi="http://www.w3.org/2001/XMLSchema-instance"
	xmlns:beans="http://www.springframework.org/schema/beans"
	xmlns:context="http://www.springframework.org/schema/context"
	xmlns:mvc="http://www.springframework.org/schema/mvc"
	xmlns:aop="http://www.springframework.org/schema/aop"
	xsi:schemaLocation="http://www.springframework.org/schema/mvc http://www.springframework.org/schema/mvc/spring-mvc.xsd
		http://www.springframework.org/schema/beans http://www.springframework.org/schema/beans/spring-beans.xsd
		http://www.springframework.org/schema/context http://www.springframework.org/schema/context/spring-context.xsd
		http://www.springframework.org/schema/aop http://www.springframework.org/schema/aop/spring-aop-4.3.xsd">

	<annotation-driven />
	<mvc:default-servlet-handler />
	<aop:aspectj-autoproxy/>
	<context:property-placeholder location="/WEB-INF/property/database.properties"/>
	
	<beans:bean class="org.springframework.web.servlet.view.InternalResourceViewResolver">
		<beans:property name="prefix" value="/WEB-INF/jsp/" />
		<beans:property name="suffix" value=".jsp" />
	</beans:bean>
	
	<context:component-scan base-package="com.tmon.platform" />
	
	<beans:bean id="sqlSessionFactory" class="org.mybatis.spring.SqlSessionFactoryBean">
		<beans:property name="dataSource" ref="dataSource"/>
		<beans:property name="mapperLocations" value="classpath:mapper/*.xml"/>
	</beans:bean>
	
	<beans:bean id="sqlSession" class="org.mybatis.spring.SqlSessionTemplate">
		<beans:constructor-arg index="0" ref="sqlSessionFactory"/>
	</beans:bean>
	
	
	
	<beans:bean id="swagger2Config" class="springfox.documentation.swagger2.configuration.Swagger2DocumentationConfiguration"></beans:bean>
	<resources location="classpath:/META-INF/resources/" mapping="swagger-ui.html"></resources>
	<resources location="classpath:/META-INF/resources/webjars/" mapping="/webjars/**"></resources>
	
	<mvc:interceptors>
		<mvc:interceptor>
			<mvc:mapping path="/mypageData"/>
			<mvc:mapping path="/admin"/>
			<beans:bean class="com.tmon.platform.api.interceptor.LoginCheckInterceptor"/>
		</mvc:interceptor>
	</mvc:interceptors>
	
	
</beans:beans>
