<?xml version="1.0" encoding="UTF-8"?>
<!-- TimeSlotSettingMapper.xml @author 구도원 -->
<!DOCTYPE mapper
    PUBLIC "-//mybatis.org//DTD Mapper 3.0//EN"
    "http://mybatis.org/dtd/mybatis-3-mapper.dtd">

<mapper namespace="TimeSlotSettingMapper">

	<insert id="insert" parameterType="com.tmon.platform.api.dto.TimeSlotSettingDto">
		INSERT INTO
		TIMESLOT_SETTING(start_time, end_time)
		VALUES(
		#{start_time},
		#{end_time}
		)
	</insert>

	<update id="update" parameterType="com.tmon.platform.api.dto.TimeSlotSettingDto">
		UPDATE
		TIMESLOT_SETTING
		SET
		start_time=#{start_time},
		end_time=#{end_time}
		WHERE
		timeslot_setting_id=#{timeslot_setting_id}
	</update>

	<delete id="delete" parameterType="com.tmon.platform.api.dto.TimeSlotSettingDto">
		DELETE
		FROM
		TIMESLOT_SETTING
		WHERE
		timeslot_setting_id=#{timeslot_setting_id}
	</delete>

	<select id="select" resultType="com.tmon.platform.api.dto.TimeSlotSettingDto">
		SELECT
		*
		FROM
		TIMESLOT_SETTING
		ORDER BY
		start_time ASC,
		end_time ASC
	</select>

</mapper>