<?xml version="1.0" encoding="UTF-8"?>
<!-- TimeSlotMapper.xml @author 구도원 -->
<!DOCTYPE mapper
    PUBLIC "-//mybatis.org//DTD Mapper 3.0//EN"
    "http://mybatis.org/dtd/mybatis-3-mapper.dtd">

<mapper namespace="TimeSlotMapper">

	<insert id="insert" parameterType="com.tmon.platform.api.dto.TimeSlotDto">
		INSERT INTO
		TIMESLOT(
		start_time,
		end_time,
		delivery_date,
		count,
		cutoff
		)
		VALUES(
		#{start_time},
		#{end_time},
		#{delivery_date},
		#{count},
		#{cutoff}
		)
	</insert>

	<update id="update" parameterType="com.tmon.platform.api.dto.TimeSlotDto">
		UPDATE
		TIMESLOT
		SET
		start_time=#{start_time},
		end_time=#{end_time}
		WHERE
		timeslot_id=#{timeslot_id}
	</update>

	<delete id="delete" parameterType="com.tmon.platform.api.dto.TimeSlotDto">
		DELETE
		FROM
		TIMESLOT
		WHERE
		timeslot_id=#{timeslot_id}
	</delete>

	<select id="selectBydelivery_date" parameterType="Map"
		resultType="com.tmon.platform.api.dto.TimeSlotDto">
		SELECT
		*
		FROM
		TIMESLOT
		WHERE
		delivery_date
		BETWEEN
		#{init_date}
		AND
		#{finish_date}
		ORDER BY
		delivery_date ASC,
		start_time ASC,
		end_time ASC
	</select>

</mapper>