<?xml version="1.0" encoding="UTF-8"?>
<!DOCTYPE mapper
    PUBLIC "-//mybatis.org//DTD Mapper 3.0//EN"
    "http://mybatis.org/dtd/mybatis-3-mapper.dtd">

<mapper namespace="UserMapper">
	<select id="userById" resultType="com.tmon.platform.api.dto.UserDto" parameterType="String">
		SELECT * FROM USER WHERE user_id=#{user_id}
	</select>
	
	<insert id="insertUser" parameterType="com.tmon.platform.api.dto.UserDto">
		INSERT INTO USER (
		   user_id
		  ,user_pw
		) VALUES (
		   #{user_id} 
		  ,#{user_pw}
		)
	</insert>
	
	<select id="user" resultType="com.tmon.platform.api.dto.UserDto" parameterType="String">
		SELECT * FROM USER WHERE user_id=#{user_id}
	</select>
	
	<select id="login" resultType="com.tmon.platform.api.dto.UserDto" parameterType="Map">
		SELECT * FROM USER WHERE user_id=#{user_id} and user_pw=#{user_pw}
	</select>
</mapper>